--
-- PostgreSQL database dump
--

\restrict MTJs7GeVNTHouP2rNTfpOvmdIbsC5Um4zcjYYhVUsc3Xim48gHrj1ccwOIUdaDG

-- Dumped from database version 18.3
-- Dumped by pg_dump version 18.3

SET statement_timeout = 0;
SET lock_timeout = 0;
SET idle_in_transaction_session_timeout = 0;
SET transaction_timeout = 0;
SET client_encoding = 'UTF8';
SET standard_conforming_strings = on;
SELECT pg_catalog.set_config('search_path', '', false);
SET check_function_bodies = false;
SET xmloption = content;
SET client_min_messages = warning;
SET row_security = off;

SET default_tablespace = '';

SET default_table_access_method = heap;

--
-- Name: customer_groups; Type: TABLE; Schema: public; Owner: postgres
--

CREATE TABLE public.customer_groups (
    id bigint CONSTRAINT accounts_customer_groups_id_not_null NOT NULL,
    customer_id bigint CONSTRAINT accounts_customer_groups_customer_id_not_null NOT NULL,
    group_id integer CONSTRAINT accounts_customer_groups_group_id_not_null NOT NULL
);


ALTER TABLE public.customer_groups OWNER TO postgres;

--
-- Name: accounts_customer_groups_id_seq; Type: SEQUENCE; Schema: public; Owner: postgres
--

ALTER TABLE public.customer_groups ALTER COLUMN id ADD GENERATED BY DEFAULT AS IDENTITY (
    SEQUENCE NAME public.accounts_customer_groups_id_seq
    START WITH 1
    INCREMENT BY 1
    NO MINVALUE
    NO MAXVALUE
    CACHE 1
);


--
-- Name: customer; Type: TABLE; Schema: public; Owner: postgres
--

CREATE TABLE public.customer (
    id bigint CONSTRAINT accounts_customer_id_not_null NOT NULL,
    password character varying(128) CONSTRAINT accounts_customer_password_not_null NOT NULL,
    last_login timestamp with time zone,
    is_superuser boolean CONSTRAINT accounts_customer_is_superuser_not_null NOT NULL,
    username character varying(150) CONSTRAINT accounts_customer_username_not_null NOT NULL,
    first_name character varying(150) CONSTRAINT accounts_customer_first_name_not_null NOT NULL,
    last_name character varying(150) CONSTRAINT accounts_customer_last_name_not_null NOT NULL,
    email character varying(254) CONSTRAINT accounts_customer_email_not_null NOT NULL,
    is_staff boolean CONSTRAINT accounts_customer_is_staff_not_null NOT NULL,
    is_active boolean CONSTRAINT accounts_customer_is_active_not_null NOT NULL,
    date_joined timestamp with time zone CONSTRAINT accounts_customer_date_joined_not_null NOT NULL,
    role character varying(20) CONSTRAINT accounts_customer_role_not_null NOT NULL
);


ALTER TABLE public.customer OWNER TO postgres;

--
-- Name: accounts_customer_id_seq; Type: SEQUENCE; Schema: public; Owner: postgres
--

ALTER TABLE public.customer ALTER COLUMN id ADD GENERATED BY DEFAULT AS IDENTITY (
    SEQUENCE NAME public.accounts_customer_id_seq
    START WITH 1
    INCREMENT BY 1
    NO MINVALUE
    NO MAXVALUE
    CACHE 1
);


--
-- Name: customer_user_permissions; Type: TABLE; Schema: public; Owner: postgres
--

CREATE TABLE public.customer_user_permissions (
    id bigint CONSTRAINT accounts_customer_user_permissions_id_not_null NOT NULL,
    customer_id bigint CONSTRAINT accounts_customer_user_permissions_customer_id_not_null NOT NULL,
    permission_id integer CONSTRAINT accounts_customer_user_permissions_permission_id_not_null NOT NULL
);


ALTER TABLE public.customer_user_permissions OWNER TO postgres;

--
-- Name: accounts_customer_user_permissions_id_seq; Type: SEQUENCE; Schema: public; Owner: postgres
--

ALTER TABLE public.customer_user_permissions ALTER COLUMN id ADD GENERATED BY DEFAULT AS IDENTITY (
    SEQUENCE NAME public.accounts_customer_user_permissions_id_seq
    START WITH 1
    INCREMENT BY 1
    NO MINVALUE
    NO MAXVALUE
    CACHE 1
);


--
-- Name: auth_group; Type: TABLE; Schema: public; Owner: postgres
--

CREATE TABLE public.auth_group (
    id integer NOT NULL,
    name character varying(150) NOT NULL
);


ALTER TABLE public.auth_group OWNER TO postgres;

--
-- Name: auth_group_id_seq; Type: SEQUENCE; Schema: public; Owner: postgres
--

ALTER TABLE public.auth_group ALTER COLUMN id ADD GENERATED BY DEFAULT AS IDENTITY (
    SEQUENCE NAME public.auth_group_id_seq
    START WITH 1
    INCREMENT BY 1
    NO MINVALUE
    NO MAXVALUE
    CACHE 1
);


--
-- Name: auth_group_permissions; Type: TABLE; Schema: public; Owner: postgres
--

CREATE TABLE public.auth_group_permissions (
    id bigint NOT NULL,
    group_id integer NOT NULL,
    permission_id integer NOT NULL
);


ALTER TABLE public.auth_group_permissions OWNER TO postgres;

--
-- Name: auth_group_permissions_id_seq; Type: SEQUENCE; Schema: public; Owner: postgres
--

ALTER TABLE public.auth_group_permissions ALTER COLUMN id ADD GENERATED BY DEFAULT AS IDENTITY (
    SEQUENCE NAME public.auth_group_permissions_id_seq
    START WITH 1
    INCREMENT BY 1
    NO MINVALUE
    NO MAXVALUE
    CACHE 1
);


--
-- Name: auth_permission; Type: TABLE; Schema: public; Owner: postgres
--

CREATE TABLE public.auth_permission (
    id integer NOT NULL,
    name character varying(255) NOT NULL,
    content_type_id integer NOT NULL,
    codename character varying(100) NOT NULL
);


ALTER TABLE public.auth_permission OWNER TO postgres;

--
-- Name: auth_permission_id_seq; Type: SEQUENCE; Schema: public; Owner: postgres
--

ALTER TABLE public.auth_permission ALTER COLUMN id ADD GENERATED BY DEFAULT AS IDENTITY (
    SEQUENCE NAME public.auth_permission_id_seq
    START WITH 1
    INCREMENT BY 1
    NO MINVALUE
    NO MAXVALUE
    CACHE 1
);


--
-- Name: client; Type: TABLE; Schema: public; Owner: postgres
--

CREATE TABLE public.client (
    id bigint NOT NULL,
    email character varying(100) NOT NULL,
    platform character varying(50) NOT NULL,
    company character varying(100) NOT NULL,
    added_date timestamp with time zone NOT NULL,
    user_id bigint NOT NULL,
    first_name character varying(100) NOT NULL,
    last_name character varying(100) NOT NULL
);


ALTER TABLE public.client OWNER TO postgres;

--
-- Name: client_id_seq; Type: SEQUENCE; Schema: public; Owner: postgres
--

ALTER TABLE public.client ALTER COLUMN id ADD GENERATED BY DEFAULT AS IDENTITY (
    SEQUENCE NAME public.client_id_seq
    START WITH 1
    INCREMENT BY 1
    NO MINVALUE
    NO MAXVALUE
    CACHE 1
);


--
-- Name: django_admin_log; Type: TABLE; Schema: public; Owner: postgres
--

CREATE TABLE public.django_admin_log (
    id integer NOT NULL,
    action_time timestamp with time zone NOT NULL,
    object_id text,
    object_repr character varying(200) NOT NULL,
    action_flag smallint NOT NULL,
    change_message text NOT NULL,
    content_type_id integer,
    user_id bigint NOT NULL,
    CONSTRAINT django_admin_log_action_flag_check CHECK ((action_flag >= 0))
);


ALTER TABLE public.django_admin_log OWNER TO postgres;

--
-- Name: django_admin_log_id_seq; Type: SEQUENCE; Schema: public; Owner: postgres
--

ALTER TABLE public.django_admin_log ALTER COLUMN id ADD GENERATED BY DEFAULT AS IDENTITY (
    SEQUENCE NAME public.django_admin_log_id_seq
    START WITH 1
    INCREMENT BY 1
    NO MINVALUE
    NO MAXVALUE
    CACHE 1
);


--
-- Name: django_content_type; Type: TABLE; Schema: public; Owner: postgres
--

CREATE TABLE public.django_content_type (
    id integer NOT NULL,
    app_label character varying(100) NOT NULL,
    model character varying(100) NOT NULL
);


ALTER TABLE public.django_content_type OWNER TO postgres;

--
-- Name: django_content_type_id_seq; Type: SEQUENCE; Schema: public; Owner: postgres
--

ALTER TABLE public.django_content_type ALTER COLUMN id ADD GENERATED BY DEFAULT AS IDENTITY (
    SEQUENCE NAME public.django_content_type_id_seq
    START WITH 1
    INCREMENT BY 1
    NO MINVALUE
    NO MAXVALUE
    CACHE 1
);


--
-- Name: django_migrations; Type: TABLE; Schema: public; Owner: postgres
--

CREATE TABLE public.django_migrations (
    id bigint NOT NULL,
    app character varying(255) NOT NULL,
    name character varying(255) NOT NULL,
    applied timestamp with time zone NOT NULL
);


ALTER TABLE public.django_migrations OWNER TO postgres;

--
-- Name: django_migrations_id_seq; Type: SEQUENCE; Schema: public; Owner: postgres
--

ALTER TABLE public.django_migrations ALTER COLUMN id ADD GENERATED BY DEFAULT AS IDENTITY (
    SEQUENCE NAME public.django_migrations_id_seq
    START WITH 1
    INCREMENT BY 1
    NO MINVALUE
    NO MAXVALUE
    CACHE 1
);


--
-- Name: django_session; Type: TABLE; Schema: public; Owner: postgres
--

CREATE TABLE public.django_session (
    session_key character varying(40) NOT NULL,
    session_data text NOT NULL,
    expire_date timestamp with time zone NOT NULL
);


ALTER TABLE public.django_session OWNER TO postgres;

--
-- Name: milestone; Type: TABLE; Schema: public; Owner: postgres
--

CREATE TABLE public.milestone (
    id bigint NOT NULL,
    description character varying(500) NOT NULL,
    amount bigint NOT NULL,
    due_date date NOT NULL,
    is_paid character varying(50) NOT NULL,
    project_name_id bigint NOT NULL
);


ALTER TABLE public.milestone OWNER TO postgres;

--
-- Name: milestone_id_seq; Type: SEQUENCE; Schema: public; Owner: postgres
--

ALTER TABLE public.milestone ALTER COLUMN id ADD GENERATED BY DEFAULT AS IDENTITY (
    SEQUENCE NAME public.milestone_id_seq
    START WITH 1
    INCREMENT BY 1
    NO MINVALUE
    NO MAXVALUE
    CACHE 1
);


--
-- Name: payment; Type: TABLE; Schema: public; Owner: postgres
--

CREATE TABLE public.payment (
    amount_paid bigint NOT NULL,
    date_paid date NOT NULL,
    payment_method character varying(100) NOT NULL,
    milestone_id bigint NOT NULL,
    id bigint NOT NULL
);


ALTER TABLE public.payment OWNER TO postgres;

--
-- Name: payment_id_seq; Type: SEQUENCE; Schema: public; Owner: postgres
--

ALTER TABLE public.payment ALTER COLUMN id ADD GENERATED BY DEFAULT AS IDENTITY (
    SEQUENCE NAME public.payment_id_seq
    START WITH 1
    INCREMENT BY 1
    NO MINVALUE
    NO MAXVALUE
    CACHE 1
);


--
-- Name: project; Type: TABLE; Schema: public; Owner: postgres
--

CREATE TABLE public.project (
    "Pid" bigint NOT NULL,
    title character varying(100) NOT NULL,
    description character varying(300) NOT NULL,
    start_date date NOT NULL,
    deadline date NOT NULL,
    status character varying(100) NOT NULL,
    total_value bigint NOT NULL,
    client_id bigint NOT NULL
);


ALTER TABLE public.project OWNER TO postgres;

--
-- Name: project_Pid_seq; Type: SEQUENCE; Schema: public; Owner: postgres
--

ALTER TABLE public.project ALTER COLUMN "Pid" ADD GENERATED BY DEFAULT AS IDENTITY (
    SEQUENCE NAME public."project_Pid_seq"
    START WITH 1
    INCREMENT BY 1
    NO MINVALUE
    NO MAXVALUE
    CACHE 1
);


--
-- Data for Name: auth_group; Type: TABLE DATA; Schema: public; Owner: postgres
--

COPY public.auth_group (id, name) FROM stdin;
\.


--
-- Data for Name: auth_group_permissions; Type: TABLE DATA; Schema: public; Owner: postgres
--

COPY public.auth_group_permissions (id, group_id, permission_id) FROM stdin;
\.


--
-- Data for Name: auth_permission; Type: TABLE DATA; Schema: public; Owner: postgres
--

COPY public.auth_permission (id, name, content_type_id, codename) FROM stdin;
1	Can add log entry	1	add_logentry
2	Can change log entry	1	change_logentry
3	Can delete log entry	1	delete_logentry
4	Can view log entry	1	view_logentry
5	Can add permission	3	add_permission
6	Can change permission	3	change_permission
7	Can delete permission	3	delete_permission
8	Can view permission	3	view_permission
9	Can add group	2	add_group
10	Can change group	2	change_group
11	Can delete group	2	delete_group
12	Can view group	2	view_group
13	Can add content type	4	add_contenttype
14	Can change content type	4	change_contenttype
15	Can delete content type	4	delete_contenttype
16	Can view content type	4	view_contenttype
17	Can add session	5	add_session
18	Can change session	5	change_session
19	Can delete session	5	delete_session
20	Can view session	5	view_session
21	Can add account	6	add_account
22	Can change account	6	change_account
23	Can delete account	6	delete_account
24	Can view account	6	view_account
25	Can add milestone	7	add_milestone
26	Can change milestone	7	change_milestone
27	Can delete milestone	7	delete_milestone
28	Can view milestone	7	view_milestone
29	Can add payment	8	add_payment
30	Can change payment	8	change_payment
31	Can delete payment	8	delete_payment
32	Can view payment	8	view_payment
33	Can add project	9	add_project
34	Can change project	9	change_project
35	Can delete project	9	delete_project
36	Can view project	9	view_project
37	Can add client	10	add_client
38	Can change client	10	change_client
39	Can delete client	10	delete_client
40	Can view client	10	view_client
41	Can add user	11	add_customer
42	Can change user	11	change_customer
43	Can delete user	11	delete_customer
44	Can view user	11	view_customer
\.


--
-- Data for Name: client; Type: TABLE DATA; Schema: public; Owner: postgres
--

COPY public.client (id, email, platform, company, added_date, user_id, first_name, last_name) FROM stdin;
17	ridhi85@example.net	Fiverr	Kaul-Bhagat	2026-03-30 06:41:48.733578+05:30	23	Yashodhara	Toor
18	gaurangi38@example.org	Fiverr	Mistry, Kalita and Kakar	2026-03-30 06:41:49.223208+05:30	24	Orinder	Dash
19	yochana28@example.com	Fiverr	Wali, Kata and Murty	2026-03-30 06:41:49.761707+05:30	25	Turvi	Sheth
20	hemal94@example.com	Direct	Korpal Inc	2026-03-30 06:41:50.28673+05:30	26	Raagini	Palla
21	tnarayanan@example.org	Upwork	Narang-Kadakia	2026-03-30 06:41:50.777938+05:30	27	Andrew	D’Alia
22	yadavi68@example.org	Upwork	Sunder, Pillai and Dugar	2026-03-30 06:41:51.266242+05:30	28	Alexander	Savant
23	singhalkeya@example.com	Direct	Nadig, Sabharwal and Khosla	2026-03-30 06:41:51.79717+05:30	29	Samaksh	Mistry
24	ayush73@example.com	Fiverr	Mohanty, Sura and Korpal	2026-03-30 06:41:52.332678+05:30	30	Chandresh	Buch
25	anusha73@example.net	Fiverr	Andra PLC	2026-03-30 06:41:52.822415+05:30	31	Anay	Deshmukh
26	andrayashodhara@example.com	Upwork	Chana, Nagarajan and Sabharwal	2026-03-30 06:41:53.309342+05:30	32	Lavanya	Nair
27	lavanya92@example.org	Fiverr	Vyas Inc	2026-03-30 06:41:53.835248+05:30	33	Charan	Acharya
28	khalsaethan@example.org	Direct	De, Srivastava and Bali	2026-03-30 06:41:54.325573+05:30	34	Gautami	Arya
29	avischwartz999@gmail.com	Fiverr	personal	2026-03-30 06:47:25.670627+05:30	35	Avi	Schwartz
\.


--
-- Data for Name: customer; Type: TABLE DATA; Schema: public; Owner: postgres
--

COPY public.customer (id, password, last_login, is_superuser, username, first_name, last_name, email, is_staff, is_active, date_joined, role) FROM stdin;
23	pbkdf2_sha256$1200000$p8Ey430VJJeIKYZSBaC5td$vWhTYtLCDXB6xpA46A1M4O+QFeqbe05Kkq7ED6KrtiE=	\N	f	yashodhara_852			ridhi85@example.net	f	t	2026-03-30 06:41:48.323999+05:30	client
24	pbkdf2_sha256$1200000$USGU8F8CUNcVN2LSXs8NfH$Hem4P2IADPgvU/YozEj9zJ/s69Qo6BHlM7vTR48CY7g=	\N	f	orinder_177			gaurangi38@example.org	f	t	2026-03-30 06:41:48.817556+05:30	client
25	pbkdf2_sha256$1200000$IIp7NDcLU9KR6S5A6u9CZ6$72r8w6pmqqHe2JqzpjhEEgI6r+aaDNxqMRgDpJ8hUBQ=	\N	f	turvi_352			yochana28@example.com	f	t	2026-03-30 06:41:49.347507+05:30	client
26	pbkdf2_sha256$1200000$35jy5c3Kx8rY0Ysr1iSDJd$LHWQSTOmV3vt4xKDfrfMjLUGd9OJst/u9WMO7BvePNM=	\N	f	raagini_590			hemal94@example.com	f	t	2026-03-30 06:41:49.883781+05:30	client
27	pbkdf2_sha256$1200000$8OBtpoGLeH8J6e5Ca9NsGa$alkHQ6VZSWhFNoZy9HuLwBW74hygWUENGBuhGSTxEHo=	\N	f	andrew_209			tnarayanan@example.org	f	t	2026-03-30 06:41:50.370675+05:30	client
28	pbkdf2_sha256$1200000$SNew5TivBWYG3Yc41vB2Ks$wEViXCxa/IgIHzZ9rxGYOnTZMv4Iqrs0txP5QtQGl44=	\N	f	alexander_233			yadavi68@example.org	f	t	2026-03-30 06:41:50.858728+05:30	client
29	pbkdf2_sha256$1200000$i5NaQTDE14pouLHTSf2hrb$BMxEn0z+bc9QyhloMDyCaPCWZoHhBgJ9C4O4xs/JeZI=	\N	f	samaksh_651			singhalkeya@example.com	f	t	2026-03-30 06:41:51.38878+05:30	client
30	pbkdf2_sha256$1200000$h5eonUXPzDvcRVxq68TKF7$TFLyOWfrCxM45dohxG/ocRtPx7TjbvrDxqvsdO4KXJU=	\N	f	chandresh_166			ayush73@example.com	f	t	2026-03-30 06:41:51.918395+05:30	client
31	pbkdf2_sha256$1200000$ruAAI05e9H5Zzs58xMUmRd$PeqS+yCzDmwiIEa6+RNp8JrNlpafyx276ahWZX/92/0=	\N	f	anay_473			anusha73@example.net	f	t	2026-03-30 06:41:52.416206+05:30	client
32	pbkdf2_sha256$1200000$Giylx57Y8QydNnJK8hzPfn$CkgoJU9k/y8YjEyElFidA7+AiXy+SGpeKKF+LnWRSkg=	\N	f	lavanya_177			andrayashodhara@example.com	f	t	2026-03-30 06:41:52.904871+05:30	client
33	pbkdf2_sha256$1200000$kzaNmUtY0yzbzc7HqbmaUY$hQcuNLmlbvAV2301IEiimeay/AWeGBG32WxojYqqr+Y=	\N	f	charan_950			lavanya92@example.org	f	t	2026-03-30 06:41:53.431171+05:30	client
34	pbkdf2_sha256$1200000$qj6TWmXoSNg5PrsG7qmG5P$13Qv+38k7FJWdMLyNJ39sWB8c/Xz4EmjPPyvxaZm6UE=	\N	f	gautami_961			khalsaethan@example.org	f	t	2026-03-30 06:41:53.918142+05:30	client
35	pbkdf2_sha256$1200000$eQ681xc9JIFA4586XKE6Cl$OuwT/FFz58O1KE/Ifgg5qf78wGndZb3f7EJ6iAIipGg=	2026-03-30 07:49:59.672005+05:30	f	avischwartz999	Avi	Schwartz	avischwartz999@gmail.com	f	t	2026-03-30 06:47:25.694609+05:30	client
8	pbkdf2_sha256$1200000$pNMYDkimYGuDN4d6Z4L4J8$KkWsIm1pAOOGBHowZsswvPlu7DbGzTuIE0g7hBzXA4M=	2026-03-30 08:24:56.313986+05:30	t	trinankur			trinankursamanta001@gmail.com	t	t	2026-03-21 13:27:53.158905+05:30	admin
\.


--
-- Data for Name: customer_groups; Type: TABLE DATA; Schema: public; Owner: postgres
--

COPY public.customer_groups (id, customer_id, group_id) FROM stdin;
\.


--
-- Data for Name: customer_user_permissions; Type: TABLE DATA; Schema: public; Owner: postgres
--

COPY public.customer_user_permissions (id, customer_id, permission_id) FROM stdin;
\.


--
-- Data for Name: django_admin_log; Type: TABLE DATA; Schema: public; Owner: postgres
--

COPY public.django_admin_log (id, action_time, object_id, object_repr, action_flag, change_message, content_type_id, user_id) FROM stdin;
\.


--
-- Data for Name: django_content_type; Type: TABLE DATA; Schema: public; Owner: postgres
--

COPY public.django_content_type (id, app_label, model) FROM stdin;
1	admin	logentry
2	auth	group
3	auth	permission
4	contenttypes	contenttype
5	sessions	session
6	freelanceTracker	account
7	Milestone	milestone
8	Payment	payment
9	Project	project
10	Client	client
11	accounts	customer
\.


--
-- Data for Name: django_migrations; Type: TABLE DATA; Schema: public; Owner: postgres
--

COPY public.django_migrations (id, app, name, applied) FROM stdin;
1	contenttypes	0001_initial	2026-03-21 12:06:36.997343+05:30
2	contenttypes	0002_remove_content_type_name	2026-03-21 12:06:37.001212+05:30
3	auth	0001_initial	2026-03-21 12:06:37.022382+05:30
4	auth	0002_alter_permission_name_max_length	2026-03-21 12:06:37.025143+05:30
5	auth	0003_alter_user_email_max_length	2026-03-21 12:06:37.027543+05:30
6	auth	0004_alter_user_username_opts	2026-03-21 12:06:37.030068+05:30
7	auth	0005_alter_user_last_login_null	2026-03-21 12:06:37.032212+05:30
8	auth	0006_require_contenttypes_0002	2026-03-21 12:06:37.032776+05:30
9	auth	0007_alter_validators_add_error_messages	2026-03-21 12:06:37.035051+05:30
10	auth	0008_alter_user_username_max_length	2026-03-21 12:06:37.037694+05:30
11	auth	0009_alter_user_last_name_max_length	2026-03-21 12:06:37.039863+05:30
12	auth	0010_alter_group_name_max_length	2026-03-21 12:06:37.042752+05:30
13	auth	0011_update_proxy_permissions	2026-03-21 12:06:37.045207+05:30
14	auth	0012_alter_user_first_name_max_length	2026-03-21 12:06:37.047571+05:30
15	accounts	0001_initial	2026-03-21 12:06:37.068361+05:30
16	Client	0001_initial	2026-03-21 12:06:37.072307+05:30
17	Client	0002_initial	2026-03-21 12:06:37.078002+05:30
18	Project	0001_initial	2026-03-21 12:06:37.086748+05:30
19	Milestone	0001_initial	2026-03-21 12:06:37.096405+05:30
20	Payment	0001_initial	2026-03-21 12:06:37.105549+05:30
21	admin	0001_initial	2026-03-21 12:06:37.118374+05:30
22	admin	0002_logentry_remove_auto_add	2026-03-21 12:06:37.122965+05:30
23	admin	0003_logentry_add_action_flag_choices	2026-03-21 12:06:37.127178+05:30
24	sessions	0001_initial	2026-03-21 12:06:37.132039+05:30
25	accounts	0002_alter_customer_options_alter_customer_table	2026-03-21 12:10:18.816249+05:30
26	Client	0003_alter_client_user	2026-03-21 12:12:43.118034+05:30
27	Client	0004_remove_client_name_client_first_name_and_more	2026-03-21 12:52:23.295137+05:30
28	Client	0005_alter_client_first_name_alter_client_last_name	2026-03-21 12:52:51.051675+05:30
29	Project	0002_alter_project_deadline_alter_project_start_date	2026-03-24 11:34:43.366743+05:30
30	Milestone	0002_alter_milestone_due_date	2026-03-24 17:37:27.020884+05:30
31	Milestone	0003_alter_milestone_is_paid	2026-03-24 19:30:53.223373+05:30
32	Payment	0002_remove_payment_pid_payment_id	2026-03-24 20:41:16.65115+05:30
33	Payment	0003_alter_payment_date_paid	2026-03-24 20:41:46.248154+05:30
\.


--
-- Data for Name: django_session; Type: TABLE DATA; Schema: public; Owner: postgres
--

COPY public.django_session (session_key, session_data, expire_date) FROM stdin;
1bsug0huqgx5q1209jaxjjxb5fip5xv7	.eJxVjM0OwiAQhN-FsyH8LLj16N1nIMsCUjU0Ke3J-O62SQ96m8z3zbxFoHWpYe15DmMSF6GVOP2WkfiZ207Sg9p9kjy1ZR6j3BV50C5vU8qv6-H-HVTqdVtbVBiNVkSkI-RiMp8B0bIasiuxJLCWgB0kz9r54gHBbGFgjSkiis8XBvE30w:1w5gAo:1s3XHmz76xsq-VaaXpdZswf5bWCwfPa35hFAtAa35rw	2026-04-09 14:04:38.653577+05:30
at8ja7cj4qin93u3r2755p9fjbsw2mrc	.eJxVjMsOwiAQRf-FtSFQHgMu3fsNZGBAqgaS0q6M_65NutDtPefcFwu4rTVsIy9hJnZmjp1-t4jpkdsO6I7t1nnqbV3myHeFH3Twa6f8vBzu30HFUb91JrAiCVQenAY9kVfZYXEigoPipdI6FQAvozQmgRdARReaZDQ2WYHs_QHRrzdj:1w72mG:wVp37HcYB7Hwxofn1suTLkolfI7L1oFRcIC9gQiDtFU	2026-04-13 08:24:56.318315+05:30
4f65vgtrvsay0gg08qdw9yqn2sprp1hy	e30:1w5G0W:2Z6GEPQQ3-w3z1UbKSxobZUF4Z0TaICoDimv85u9GhI	2026-04-08 10:08:16.450296+05:30
qtwcrzsjwk6jaosuoh15k2ll5ttxaj9v	e30:1w5G1C:5lnmirm5QDD1KCt7yq7rx4yeCCn0bulHQkh_8xME27g	2026-04-08 10:08:58.592563+05:30
sqc5zsa00d3wy2qlbtzl3j0si3vwxf0h	.eJxVjMsOwiAQRf-FtSFQHgMu3fsNZGBAqgaS0q6M_65NutDtPefcFwu4rTVsIy9hJnZmjp1-t4jpkdsO6I7t1nnqbV3myHeFH3Twa6f8vBzu30HFUb91JrAiCVQenAY9kVfZYXEigoPipdI6FQAvozQmgRdARReaZDQ2WYHs_QHRrzdj:1w5IFG:CsT6QvUGp0uORIqXHiGpSHNWBuUTKqVTYDkxuXs6XnI	2026-04-08 12:31:38.312408+05:30
9pgw2ykn3i18db2i3zxvct8lvn5m5rqq	e30:1w5KVI:DOJwi7gQZHeHQR2qd-CCd31dZ0e3gsWcccaam5zGbGY	2026-04-08 14:56:20.387239+05:30
oa7g4wqary6ted3foektt2h33gwoluun	e30:1w5KX6:ujQu0R8imXYsraZRIkcNHSK2jqC70NEjltLbwB2O8Co	2026-04-08 14:58:12.975249+05:30
\.


--
-- Data for Name: milestone; Type: TABLE DATA; Schema: public; Owner: postgres
--

COPY public.milestone (id, description, amount, due_date, is_paid, project_name_id) FROM stdin;
111	Phase 1 implementation	24186	2025-07-24	Yes	33
112	Phase 2 implementation	24186	2025-07-24	Yes	33
113	Phase 3 implementation	24186	2025-07-24	No	33
114	Phase 4 implementation	24186	2025-07-24	Yes	33
115	Phase 1 implementation	30680	2025-05-21	No	34
116	Phase 2 implementation	30680	2025-05-21	No	34
117	Phase 3 implementation	30680	2025-05-21	No	34
118	Phase 1 implementation	4316	2025-09-14	No	35
119	Phase 2 implementation	4316	2025-09-14	Yes	35
120	Phase 3 implementation	4316	2025-09-14	No	35
121	Phase 4 implementation	4316	2025-09-14	Yes	35
122	Phase 1 implementation	16846	2026-02-28	No	36
123	Phase 2 implementation	16846	2026-02-28	Yes	36
124	Phase 3 implementation	16846	2026-02-28	No	36
125	Phase 1 implementation	31252	2026-03-26	No	37
126	Phase 2 implementation	31252	2026-03-26	No	37
127	Phase 3 implementation	31252	2026-03-26	No	37
128	Phase 1 implementation	11837	2025-11-28	No	38
129	Phase 2 implementation	11837	2025-11-28	No	38
130	Phase 3 implementation	11837	2025-11-28	Yes	38
131	Phase 4 implementation	11837	2025-11-28	No	38
132	Phase 1 implementation	9615	2025-07-21	Yes	39
133	Phase 2 implementation	9615	2025-07-21	No	39
134	Phase 3 implementation	9615	2025-07-21	No	39
135	Phase 4 implementation	9615	2025-07-21	No	39
136	Phase 1 implementation	17888	2025-09-03	Yes	40
137	Phase 2 implementation	17888	2025-09-03	No	40
138	Phase 3 implementation	17888	2025-09-03	Yes	40
139	Phase 1 implementation	21938	2025-07-23	No	41
140	Phase 2 implementation	21938	2025-07-23	Yes	41
141	Phase 3 implementation	21938	2025-07-23	Yes	41
142	Phase 4 implementation	21938	2025-07-23	Yes	41
143	Phase 1 implementation	18705	2025-07-12	Yes	42
144	Phase 2 implementation	18705	2025-07-12	Yes	42
145	Phase 3 implementation	18705	2025-07-12	No	42
146	Phase 1 implementation	20976	2026-03-29	No	43
147	Phase 2 implementation	20976	2026-03-29	No	43
148	Phase 3 implementation	20976	2026-03-29	Yes	43
149	Phase 4 implementation	20976	2026-03-29	Yes	43
150	Phase 1 implementation	32976	2026-02-22	No	44
151	Phase 2 implementation	32976	2026-02-22	No	44
152	Phase 3 implementation	32976	2026-02-22	No	44
153	Phase 1 implementation	22790	2025-06-10	Yes	45
154	Phase 2 implementation	22790	2025-06-10	Yes	45
155	Phase 3 implementation	22790	2025-06-10	Yes	45
156	Phase 4 implementation	22790	2025-06-10	No	45
157	Phase 1 implementation	30809	2025-10-25	No	46
158	Phase 2 implementation	30809	2025-10-25	No	46
159	Phase 3 implementation	30809	2025-10-25	Yes	46
160	Phase 1 implementation	20546	2025-08-31	No	47
161	Phase 2 implementation	20546	2025-08-31	No	47
162	Phase 3 implementation	20546	2025-08-31	Yes	47
163	Phase 4 implementation	20546	2025-08-31	No	47
164	Phase 1 implementation	14503	2025-06-09	No	48
165	Phase 2 implementation	14503	2025-06-09	No	48
166	Phase 3 implementation	14503	2025-06-09	No	48
167	Phase 4 implementation	14503	2025-06-09	No	48
168	Phase 1 implementation	17451	2025-09-08	No	49
169	Phase 2 implementation	17451	2025-09-08	Yes	49
170	Phase 3 implementation	17451	2025-09-08	Yes	49
171	Phase 1 implementation	5606	2026-02-07	No	50
172	Phase 2 implementation	5606	2026-02-07	Yes	50
173	Phase 3 implementation	5606	2026-02-07	No	50
174	Phase 1 implementation	20631	2025-07-15	Yes	51
175	Phase 2 implementation	20631	2025-07-15	Yes	51
176	Phase 3 implementation	20631	2025-07-15	Yes	51
177	Phase 4 implementation	20631	2025-07-15	No	51
178	Phase 1 implementation	9615	2026-01-13	No	52
179	Phase 2 implementation	9615	2026-01-13	Yes	52
180	Phase 3 implementation	9615	2026-01-13	No	52
181	Phase 1 implementation	9974	2026-01-27	No	53
182	Phase 2 implementation	9974	2026-01-27	No	53
183	Phase 3 implementation	9974	2026-01-27	Yes	53
184	Phase 4 implementation	9974	2026-01-27	No	53
185	Phase 1 implementation	8862	2025-12-06	No	54
186	Phase 2 implementation	8862	2025-12-06	Yes	54
187	Phase 3 implementation	8862	2025-12-06	No	54
188	Phase 4 implementation	8862	2025-12-06	Yes	54
189	Phase 1 implementation	17683	2025-08-04	No	55
190	Phase 2 implementation	17683	2025-08-04	No	55
191	Phase 3 implementation	17683	2025-08-04	No	55
192	Phase 4 implementation	17683	2025-08-04	No	55
193	Phase 1 implementation	23486	2026-04-01	No	56
194	Phase 2 implementation	23486	2026-04-01	Yes	56
195	Phase 3 implementation	23486	2026-04-01	Yes	56
196	Phase 1 implementation	24821	2025-10-27	Yes	57
197	Phase 2 implementation	24821	2025-10-27	Yes	57
198	Phase 3 implementation	24821	2025-10-27	No	57
199	Phase 4 implementation	24821	2025-10-27	No	57
200	Phase 1 implementation	19144	2025-05-20	No	58
201	Phase 2 implementation	19144	2025-05-20	No	58
202	Phase 3 implementation	19144	2025-05-20	Yes	58
203	Phase 4 implementation	19144	2025-05-20	No	58
204	Phase 1 implementation	20046	2025-10-06	Yes	59
205	Phase 2 implementation	20046	2025-10-06	Yes	59
206	Phase 3 implementation	20046	2025-10-06	No	59
207	Phase 1 implementation	11867	2025-09-12	No	60
208	Phase 2 implementation	11867	2025-09-12	Yes	60
209	Phase 3 implementation	11867	2025-09-12	No	60
210	Phase 4 implementation	11867	2025-09-12	No	60
211	Phase 1 implementation	30316	2026-02-14	Yes	61
212	Phase 2 implementation	30316	2026-02-14	No	61
213	Phase 3 implementation	30316	2026-02-14	No	61
214	Phase 1 implementation	30754	2026-04-15	Yes	62
215	Phase 2 implementation	30754	2026-04-15	No	62
216	Phase 3 implementation	30754	2026-04-15	Yes	62
220	payment for twilio api integration with booking function using IVR,message	8000	2025-01-20	Yes	63
221	payment for google distance matrix api integration	6000	2025-01-21	Yes	63
219	payment for driver registration form	1000	2025-01-16	Yes	63
222	payment for booking function using whatsapp	4000	2025-01-23	Yes	63
217	first payment for passenger database	1350	2025-01-27	Yes	64
218	for driver registration form database	1650	2025-01-28	Yes	64
\.


--
-- Data for Name: payment; Type: TABLE DATA; Schema: public; Owner: postgres
--

COPY public.payment (amount_paid, date_paid, payment_method, milestone_id, id) FROM stdin;
24186	2025-03-23	CARD	111	65
3367	2025-01-16	CARD	219	110
8000	2025-01-20	CARD	220	111
6000	2025-01-21	CARD	221	112
5000	2025-03-23	CARD	222	113
1350	2025-01-28	CARD	217	108
1650	2025-01-28	CARD	218	109
24186	2026-03-25	UPI	112	66
24186	2026-03-01	CARD	114	67
4316	2026-03-27	UPI	119	68
4316	2026-03-13	UPI	121	69
16846	2026-03-03	NET BANKING	123	70
11837	2026-03-09	NET BANKING	130	71
9615	2026-03-07	CARD	132	72
17888	2026-03-06	CARD	136	73
17888	2026-03-28	UPI	138	74
21938	2026-03-17	CARD	140	75
21938	2026-03-06	NET BANKING	141	76
21938	2026-03-10	NET BANKING	142	77
18705	2026-03-20	CARD	143	78
18705	2026-03-19	CARD	144	79
20976	2026-03-07	NET BANKING	148	80
20976	2026-03-05	NET BANKING	149	81
22790	2026-03-15	CARD	153	82
22790	2026-03-28	NET BANKING	154	83
22790	2026-03-17	UPI	155	84
30809	2026-03-07	NET BANKING	159	85
20546	2026-03-20	CARD	162	86
17451	2026-03-23	NET BANKING	169	87
17451	2026-03-03	NET BANKING	170	88
5606	2026-03-13	UPI	172	89
20631	2026-03-22	CARD	174	90
20631	2026-03-07	CARD	175	91
20631	2026-03-22	NET BANKING	176	92
9615	2026-03-22	CARD	179	93
9974	2026-03-16	NET BANKING	183	94
8862	2026-03-16	CARD	186	95
8862	2026-03-28	NET BANKING	188	96
23486	2026-03-10	UPI	194	97
23486	2026-03-07	CARD	195	98
24821	2026-03-08	UPI	196	99
24821	2026-03-06	UPI	197	100
19144	2026-03-08	NET BANKING	202	101
20046	2026-03-16	NET BANKING	204	102
20046	2026-03-07	CARD	205	103
11867	2026-03-11	CARD	208	104
30316	2026-03-02	UPI	211	105
30754	2026-03-14	NET BANKING	214	106
30754	2026-03-07	NET BANKING	216	107
\.


--
-- Data for Name: project; Type: TABLE DATA; Schema: public; Owner: postgres
--

COPY public.project ("Pid", title, description, start_date, deadline, status, total_value, client_id) FROM stdin;
52	Flask Dashboard	Sit delectus quod aliquid a non voluptate.	2025-11-29	2026-01-13	Complete	28847	24
60	Portfolio Site	Delectus ab ea tenetur porro repellendus laudantium sapiente optio qui.	2025-07-29	2025-09-12	Pending	4746	28
33	Flask Dashboard	Non exercitationem ad blanditiis ullam alias sint labore.	2025-06-09	2025-07-24	Complete	9674	17
34	REST API Dev	Asperiores sapiente dolore corporis tempore adipisci iure voluptate mollitia tempore laudantium natus culpa.	2025-04-06	2025-05-21	Complete	9204	17
36	REST API Dev	Asperiores minima rem odit repellat saepe commodi rem rem iste beatae.	2026-01-14	2026-02-28	Pending	5054	18
38	Portfolio Site	Cupiditate porro architecto odio ullam ab praesentium debitis atque.	2025-10-14	2025-11-28	Delivered	4734	19
63	Car Booking System	Car Booking System with passenger and driver both interfaces with google distance matrix API and twilio API integration, Driver registration web form.\r\nUsers can book their book using any of (IVR, whatsapp message , text message).	2025-01-18	2025-01-25	Complete	19000	29
64	Car booking System	car booking system database integration for both passenger and driver separately.	2025-01-26	2025-01-28	Complete	3000	29
40	REST API Dev	Fugit minima velit ea deserunt ullam commodi animi doloribus repellat quod autem ipsum accusamus officia repudiandae.	2025-07-20	2025-09-03	Delivered	5366	19
41	REST API Dev	Nostrum perspiciatis nulla impedit sunt minus tempora cumque aperiam perspiciatis illum.	2025-06-08	2025-07-23	Pending	8775	20
35	REST API Dev	Vel qui consequuntur sapiente expedita delectus voluptas.	2025-07-31	2025-09-14	Delivered	17260	18
37	Flask Dashboard	Harum animi aperiam eius accusantium ipsam laboriosam aliquam dignissimos.	2026-02-09	2026-03-26	Pending	9375	18
39	Portfolio Site	Odit qui ex sint veniam culpa dicta.	2025-06-06	2025-07-21	Pending	3846	19
42	REST API Dev	Ea aliquam iste sequi ipsam iure eos debitis earum iure corporis.	2025-05-28	2025-07-12	Pending	5611	20
44	Flask Dashboard	Quibusdam a soluta nostrum dolores cum similique eveniet commodi enim.	2026-01-08	2026-02-22	Delivered	9892	21
43	Portfolio Site	Distinctio a fugit officiis tempora eaque animi repellat ullam nobis provident in.	2026-02-12	2026-03-29	Complete	8390	21
45	Flask Dashboard	Tempora dignissimos quasi cupiditate deleniti voluptate itaque quisquam saepe rem distinctio consectetur cumque.	2025-04-26	2025-06-10	Complete	9116	22
47	REST API Dev	Ex tenetur natus fugiat blanditiis dolores dolore sequi earum suscipit doloribus et minima sit recusandae nam.	2025-07-17	2025-08-31	Delivered	8218	22
48	Flask Dashboard	Vel non magni officiis ipsa atque voluptatibus mollitia architecto quod eos explicabo.	2025-04-25	2025-06-09	Delivered	5801	23
46	Portfolio Site	Ex vero voluptas minima quaerat et sunt mollitia illo rerum soluta repellendus mollitia fugit unde incidunt.	2025-09-10	2025-10-25	Complete	9242	22
49	Portfolio Site	Sint corporis magnam alias consequuntur praesentium temporibus.	2025-07-25	2025-09-08	Pending	5235	23
51	REST API Dev	Molestiae vel est quas reprehenderit consectetur quaerat praesentium earum dolorem.	2025-05-31	2025-07-15	Complete	8252	24
50	Flask Dashboard	Quasi provident sit soluta minima dolorem commodi quas a dolorem.	2025-12-24	2026-02-07	Pending	1681	23
53	REST API Dev	Facilis est vitae nesciunt assumenda perspiciatis quas eaque temporibus ullam eligendi corporis esse dolorem aut.	2025-12-13	2026-01-27	Pending	3989	25
55	REST API Dev	Occaecati velit deserunt consectetur numquam reiciendis dolorum dignissimos veritatis inventore.	2025-06-20	2025-08-04	Complete	7073	26
57	Flask Dashboard	Debitis iusto minus provident quis nesciunt totam.	2025-09-12	2025-10-27	Delivered	9928	26
56	Flask Dashboard	Nisi maiores impedit laudantium nesciunt possimus repellat numquam et ipsa tempore.	2026-02-15	2026-04-01	Delivered	7045	26
59	Flask Dashboard	Magni soluta explicabo odit porro sapiente fugiat mollitia cumque commodi ea sequi.	2025-08-22	2025-10-06	Pending	6013	27
58	Flask Dashboard	Unde amet accusamus ad modi omnis adipisci eius placeat.	2025-04-05	2025-05-20	Pending	7657	27
62	Flask Dashboard	Atque ullam quidem maxime numquam suscipit cum pariatur vel mollitia veniam maiores distinctio exercitationem possimus adipisci.	2026-03-01	2026-04-15	Delivered	9226	28
61	Portfolio Site	Autem sit pariatur placeat asperiores tenetur ad dolorem.	2025-12-31	2026-02-14	Pending	9094	28
54	REST API Dev	Dolor ab possimus asperiores nihil earum recusandae.	2025-10-22	2025-12-06	Delivered	3544	25
\.


--
-- Name: accounts_customer_groups_id_seq; Type: SEQUENCE SET; Schema: public; Owner: postgres
--

SELECT pg_catalog.setval('public.accounts_customer_groups_id_seq', 1, false);


--
-- Name: accounts_customer_id_seq; Type: SEQUENCE SET; Schema: public; Owner: postgres
--

SELECT pg_catalog.setval('public.accounts_customer_id_seq', 35, true);


--
-- Name: accounts_customer_user_permissions_id_seq; Type: SEQUENCE SET; Schema: public; Owner: postgres
--

SELECT pg_catalog.setval('public.accounts_customer_user_permissions_id_seq', 1, false);


--
-- Name: auth_group_id_seq; Type: SEQUENCE SET; Schema: public; Owner: postgres
--

SELECT pg_catalog.setval('public.auth_group_id_seq', 1, false);


--
-- Name: auth_group_permissions_id_seq; Type: SEQUENCE SET; Schema: public; Owner: postgres
--

SELECT pg_catalog.setval('public.auth_group_permissions_id_seq', 1, false);


--
-- Name: auth_permission_id_seq; Type: SEQUENCE SET; Schema: public; Owner: postgres
--

SELECT pg_catalog.setval('public.auth_permission_id_seq', 44, true);


--
-- Name: client_id_seq; Type: SEQUENCE SET; Schema: public; Owner: postgres
--

SELECT pg_catalog.setval('public.client_id_seq', 29, true);


--
-- Name: django_admin_log_id_seq; Type: SEQUENCE SET; Schema: public; Owner: postgres
--

SELECT pg_catalog.setval('public.django_admin_log_id_seq', 1, false);


--
-- Name: django_content_type_id_seq; Type: SEQUENCE SET; Schema: public; Owner: postgres
--

SELECT pg_catalog.setval('public.django_content_type_id_seq', 11, true);


--
-- Name: django_migrations_id_seq; Type: SEQUENCE SET; Schema: public; Owner: postgres
--

SELECT pg_catalog.setval('public.django_migrations_id_seq', 33, true);


--
-- Name: milestone_id_seq; Type: SEQUENCE SET; Schema: public; Owner: postgres
--

SELECT pg_catalog.setval('public.milestone_id_seq', 222, true);


--
-- Name: payment_id_seq; Type: SEQUENCE SET; Schema: public; Owner: postgres
--

SELECT pg_catalog.setval('public.payment_id_seq', 113, true);


--
-- Name: project_Pid_seq; Type: SEQUENCE SET; Schema: public; Owner: postgres
--

SELECT pg_catalog.setval('public."project_Pid_seq"', 64, true);


--
-- Name: customer_groups accounts_customer_groups_customer_id_group_id_5d65b72b_uniq; Type: CONSTRAINT; Schema: public; Owner: postgres
--

ALTER TABLE ONLY public.customer_groups
    ADD CONSTRAINT accounts_customer_groups_customer_id_group_id_5d65b72b_uniq UNIQUE (customer_id, group_id);


--
-- Name: customer_groups accounts_customer_groups_pkey; Type: CONSTRAINT; Schema: public; Owner: postgres
--

ALTER TABLE ONLY public.customer_groups
    ADD CONSTRAINT accounts_customer_groups_pkey PRIMARY KEY (id);


--
-- Name: customer accounts_customer_pkey; Type: CONSTRAINT; Schema: public; Owner: postgres
--

ALTER TABLE ONLY public.customer
    ADD CONSTRAINT accounts_customer_pkey PRIMARY KEY (id);


--
-- Name: customer_user_permissions accounts_customer_user_p_customer_id_permission_i_927fe894_uniq; Type: CONSTRAINT; Schema: public; Owner: postgres
--

ALTER TABLE ONLY public.customer_user_permissions
    ADD CONSTRAINT accounts_customer_user_p_customer_id_permission_i_927fe894_uniq UNIQUE (customer_id, permission_id);


--
-- Name: customer_user_permissions accounts_customer_user_permissions_pkey; Type: CONSTRAINT; Schema: public; Owner: postgres
--

ALTER TABLE ONLY public.customer_user_permissions
    ADD CONSTRAINT accounts_customer_user_permissions_pkey PRIMARY KEY (id);


--
-- Name: customer accounts_customer_username_key; Type: CONSTRAINT; Schema: public; Owner: postgres
--

ALTER TABLE ONLY public.customer
    ADD CONSTRAINT accounts_customer_username_key UNIQUE (username);


--
-- Name: auth_group auth_group_name_key; Type: CONSTRAINT; Schema: public; Owner: postgres
--

ALTER TABLE ONLY public.auth_group
    ADD CONSTRAINT auth_group_name_key UNIQUE (name);


--
-- Name: auth_group_permissions auth_group_permissions_group_id_permission_id_0cd325b0_uniq; Type: CONSTRAINT; Schema: public; Owner: postgres
--

ALTER TABLE ONLY public.auth_group_permissions
    ADD CONSTRAINT auth_group_permissions_group_id_permission_id_0cd325b0_uniq UNIQUE (group_id, permission_id);


--
-- Name: auth_group_permissions auth_group_permissions_pkey; Type: CONSTRAINT; Schema: public; Owner: postgres
--

ALTER TABLE ONLY public.auth_group_permissions
    ADD CONSTRAINT auth_group_permissions_pkey PRIMARY KEY (id);


--
-- Name: auth_group auth_group_pkey; Type: CONSTRAINT; Schema: public; Owner: postgres
--

ALTER TABLE ONLY public.auth_group
    ADD CONSTRAINT auth_group_pkey PRIMARY KEY (id);


--
-- Name: auth_permission auth_permission_content_type_id_codename_01ab375a_uniq; Type: CONSTRAINT; Schema: public; Owner: postgres
--

ALTER TABLE ONLY public.auth_permission
    ADD CONSTRAINT auth_permission_content_type_id_codename_01ab375a_uniq UNIQUE (content_type_id, codename);


--
-- Name: auth_permission auth_permission_pkey; Type: CONSTRAINT; Schema: public; Owner: postgres
--

ALTER TABLE ONLY public.auth_permission
    ADD CONSTRAINT auth_permission_pkey PRIMARY KEY (id);


--
-- Name: client client_pkey; Type: CONSTRAINT; Schema: public; Owner: postgres
--

ALTER TABLE ONLY public.client
    ADD CONSTRAINT client_pkey PRIMARY KEY (id);


--
-- Name: client client_user_id_key; Type: CONSTRAINT; Schema: public; Owner: postgres
--

ALTER TABLE ONLY public.client
    ADD CONSTRAINT client_user_id_key UNIQUE (user_id);


--
-- Name: django_admin_log django_admin_log_pkey; Type: CONSTRAINT; Schema: public; Owner: postgres
--

ALTER TABLE ONLY public.django_admin_log
    ADD CONSTRAINT django_admin_log_pkey PRIMARY KEY (id);


--
-- Name: django_content_type django_content_type_app_label_model_76bd3d3b_uniq; Type: CONSTRAINT; Schema: public; Owner: postgres
--

ALTER TABLE ONLY public.django_content_type
    ADD CONSTRAINT django_content_type_app_label_model_76bd3d3b_uniq UNIQUE (app_label, model);


--
-- Name: django_content_type django_content_type_pkey; Type: CONSTRAINT; Schema: public; Owner: postgres
--

ALTER TABLE ONLY public.django_content_type
    ADD CONSTRAINT django_content_type_pkey PRIMARY KEY (id);


--
-- Name: django_migrations django_migrations_pkey; Type: CONSTRAINT; Schema: public; Owner: postgres
--

ALTER TABLE ONLY public.django_migrations
    ADD CONSTRAINT django_migrations_pkey PRIMARY KEY (id);


--
-- Name: django_session django_session_pkey; Type: CONSTRAINT; Schema: public; Owner: postgres
--

ALTER TABLE ONLY public.django_session
    ADD CONSTRAINT django_session_pkey PRIMARY KEY (session_key);


--
-- Name: milestone milestone_pkey; Type: CONSTRAINT; Schema: public; Owner: postgres
--

ALTER TABLE ONLY public.milestone
    ADD CONSTRAINT milestone_pkey PRIMARY KEY (id);


--
-- Name: payment payment_pkey; Type: CONSTRAINT; Schema: public; Owner: postgres
--

ALTER TABLE ONLY public.payment
    ADD CONSTRAINT payment_pkey PRIMARY KEY (id);


--
-- Name: project project_pkey; Type: CONSTRAINT; Schema: public; Owner: postgres
--

ALTER TABLE ONLY public.project
    ADD CONSTRAINT project_pkey PRIMARY KEY ("Pid");


--
-- Name: accounts_customer_groups_customer_id_c2d5e358; Type: INDEX; Schema: public; Owner: postgres
--

CREATE INDEX accounts_customer_groups_customer_id_c2d5e358 ON public.customer_groups USING btree (customer_id);


--
-- Name: accounts_customer_groups_group_id_7c230d03; Type: INDEX; Schema: public; Owner: postgres
--

CREATE INDEX accounts_customer_groups_group_id_7c230d03 ON public.customer_groups USING btree (group_id);


--
-- Name: accounts_customer_user_permissions_customer_id_701aa82b; Type: INDEX; Schema: public; Owner: postgres
--

CREATE INDEX accounts_customer_user_permissions_customer_id_701aa82b ON public.customer_user_permissions USING btree (customer_id);


--
-- Name: accounts_customer_user_permissions_permission_id_9c8a5ef6; Type: INDEX; Schema: public; Owner: postgres
--

CREATE INDEX accounts_customer_user_permissions_permission_id_9c8a5ef6 ON public.customer_user_permissions USING btree (permission_id);


--
-- Name: accounts_customer_username_ef0a2dad_like; Type: INDEX; Schema: public; Owner: postgres
--

CREATE INDEX accounts_customer_username_ef0a2dad_like ON public.customer USING btree (username varchar_pattern_ops);


--
-- Name: auth_group_name_a6ea08ec_like; Type: INDEX; Schema: public; Owner: postgres
--

CREATE INDEX auth_group_name_a6ea08ec_like ON public.auth_group USING btree (name varchar_pattern_ops);


--
-- Name: auth_group_permissions_group_id_b120cbf9; Type: INDEX; Schema: public; Owner: postgres
--

CREATE INDEX auth_group_permissions_group_id_b120cbf9 ON public.auth_group_permissions USING btree (group_id);


--
-- Name: auth_group_permissions_permission_id_84c5c92e; Type: INDEX; Schema: public; Owner: postgres
--

CREATE INDEX auth_group_permissions_permission_id_84c5c92e ON public.auth_group_permissions USING btree (permission_id);


--
-- Name: auth_permission_content_type_id_2f476e4b; Type: INDEX; Schema: public; Owner: postgres
--

CREATE INDEX auth_permission_content_type_id_2f476e4b ON public.auth_permission USING btree (content_type_id);


--
-- Name: django_admin_log_content_type_id_c4bce8eb; Type: INDEX; Schema: public; Owner: postgres
--

CREATE INDEX django_admin_log_content_type_id_c4bce8eb ON public.django_admin_log USING btree (content_type_id);


--
-- Name: django_admin_log_user_id_c564eba6; Type: INDEX; Schema: public; Owner: postgres
--

CREATE INDEX django_admin_log_user_id_c564eba6 ON public.django_admin_log USING btree (user_id);


--
-- Name: django_session_expire_date_a5c62663; Type: INDEX; Schema: public; Owner: postgres
--

CREATE INDEX django_session_expire_date_a5c62663 ON public.django_session USING btree (expire_date);


--
-- Name: django_session_session_key_c0390e0f_like; Type: INDEX; Schema: public; Owner: postgres
--

CREATE INDEX django_session_session_key_c0390e0f_like ON public.django_session USING btree (session_key varchar_pattern_ops);


--
-- Name: milestone_project_name_id_ebb638d1; Type: INDEX; Schema: public; Owner: postgres
--

CREATE INDEX milestone_project_name_id_ebb638d1 ON public.milestone USING btree (project_name_id);


--
-- Name: payment_milestone_id_cea3e138; Type: INDEX; Schema: public; Owner: postgres
--

CREATE INDEX payment_milestone_id_cea3e138 ON public.payment USING btree (milestone_id);


--
-- Name: project_client_id_0696401f; Type: INDEX; Schema: public; Owner: postgres
--

CREATE INDEX project_client_id_0696401f ON public.project USING btree (client_id);


--
-- Name: customer_groups accounts_customer_gr_customer_id_c2d5e358_fk_accounts_; Type: FK CONSTRAINT; Schema: public; Owner: postgres
--

ALTER TABLE ONLY public.customer_groups
    ADD CONSTRAINT accounts_customer_gr_customer_id_c2d5e358_fk_accounts_ FOREIGN KEY (customer_id) REFERENCES public.customer(id) DEFERRABLE INITIALLY DEFERRED;


--
-- Name: customer_groups accounts_customer_groups_group_id_7c230d03_fk_auth_group_id; Type: FK CONSTRAINT; Schema: public; Owner: postgres
--

ALTER TABLE ONLY public.customer_groups
    ADD CONSTRAINT accounts_customer_groups_group_id_7c230d03_fk_auth_group_id FOREIGN KEY (group_id) REFERENCES public.auth_group(id) DEFERRABLE INITIALLY DEFERRED;


--
-- Name: customer_user_permissions accounts_customer_us_customer_id_701aa82b_fk_accounts_; Type: FK CONSTRAINT; Schema: public; Owner: postgres
--

ALTER TABLE ONLY public.customer_user_permissions
    ADD CONSTRAINT accounts_customer_us_customer_id_701aa82b_fk_accounts_ FOREIGN KEY (customer_id) REFERENCES public.customer(id) DEFERRABLE INITIALLY DEFERRED;


--
-- Name: customer_user_permissions accounts_customer_us_permission_id_9c8a5ef6_fk_auth_perm; Type: FK CONSTRAINT; Schema: public; Owner: postgres
--

ALTER TABLE ONLY public.customer_user_permissions
    ADD CONSTRAINT accounts_customer_us_permission_id_9c8a5ef6_fk_auth_perm FOREIGN KEY (permission_id) REFERENCES public.auth_permission(id) DEFERRABLE INITIALLY DEFERRED;


--
-- Name: auth_group_permissions auth_group_permissio_permission_id_84c5c92e_fk_auth_perm; Type: FK CONSTRAINT; Schema: public; Owner: postgres
--

ALTER TABLE ONLY public.auth_group_permissions
    ADD CONSTRAINT auth_group_permissio_permission_id_84c5c92e_fk_auth_perm FOREIGN KEY (permission_id) REFERENCES public.auth_permission(id) DEFERRABLE INITIALLY DEFERRED;


--
-- Name: auth_group_permissions auth_group_permissions_group_id_b120cbf9_fk_auth_group_id; Type: FK CONSTRAINT; Schema: public; Owner: postgres
--

ALTER TABLE ONLY public.auth_group_permissions
    ADD CONSTRAINT auth_group_permissions_group_id_b120cbf9_fk_auth_group_id FOREIGN KEY (group_id) REFERENCES public.auth_group(id) DEFERRABLE INITIALLY DEFERRED;


--
-- Name: auth_permission auth_permission_content_type_id_2f476e4b_fk_django_co; Type: FK CONSTRAINT; Schema: public; Owner: postgres
--

ALTER TABLE ONLY public.auth_permission
    ADD CONSTRAINT auth_permission_content_type_id_2f476e4b_fk_django_co FOREIGN KEY (content_type_id) REFERENCES public.django_content_type(id) DEFERRABLE INITIALLY DEFERRED;


--
-- Name: client client_user_id_af1c5063_fk_customer_id; Type: FK CONSTRAINT; Schema: public; Owner: postgres
--

ALTER TABLE ONLY public.client
    ADD CONSTRAINT client_user_id_af1c5063_fk_customer_id FOREIGN KEY (user_id) REFERENCES public.customer(id) DEFERRABLE INITIALLY DEFERRED;


--
-- Name: django_admin_log django_admin_log_content_type_id_c4bce8eb_fk_django_co; Type: FK CONSTRAINT; Schema: public; Owner: postgres
--

ALTER TABLE ONLY public.django_admin_log
    ADD CONSTRAINT django_admin_log_content_type_id_c4bce8eb_fk_django_co FOREIGN KEY (content_type_id) REFERENCES public.django_content_type(id) DEFERRABLE INITIALLY DEFERRED;


--
-- Name: django_admin_log django_admin_log_user_id_c564eba6_fk_accounts_customer_id; Type: FK CONSTRAINT; Schema: public; Owner: postgres
--

ALTER TABLE ONLY public.django_admin_log
    ADD CONSTRAINT django_admin_log_user_id_c564eba6_fk_accounts_customer_id FOREIGN KEY (user_id) REFERENCES public.customer(id) DEFERRABLE INITIALLY DEFERRED;


--
-- Name: milestone milestone_project_name_id_ebb638d1_fk_project_Pid; Type: FK CONSTRAINT; Schema: public; Owner: postgres
--

ALTER TABLE ONLY public.milestone
    ADD CONSTRAINT "milestone_project_name_id_ebb638d1_fk_project_Pid" FOREIGN KEY (project_name_id) REFERENCES public.project("Pid") DEFERRABLE INITIALLY DEFERRED;


--
-- Name: payment payment_milestone_id_cea3e138_fk_milestone_id; Type: FK CONSTRAINT; Schema: public; Owner: postgres
--

ALTER TABLE ONLY public.payment
    ADD CONSTRAINT payment_milestone_id_cea3e138_fk_milestone_id FOREIGN KEY (milestone_id) REFERENCES public.milestone(id) DEFERRABLE INITIALLY DEFERRED;


--
-- Name: project project_client_id_0696401f_fk_client_id; Type: FK CONSTRAINT; Schema: public; Owner: postgres
--

ALTER TABLE ONLY public.project
    ADD CONSTRAINT project_client_id_0696401f_fk_client_id FOREIGN KEY (client_id) REFERENCES public.client(id) DEFERRABLE INITIALLY DEFERRED;


--
-- PostgreSQL database dump complete
--

\unrestrict MTJs7GeVNTHouP2rNTfpOvmdIbsC5Um4zcjYYhVUsc3Xim48gHrj1ccwOIUdaDG

